id,nom,description,prix,couleur,largeur,profondeur,hauteur,disponibilite,image,color,seat
1,Bellagio,"Un élégant canapé en cuir, parfait pour les petits espaces.",599.99,,140 cm,80 cm,90 cm,true,"[""https://pejotrvfcsqfdakpnqil.supabase.co/storage/v1/object/sign/canape-img/Bellagio/Bellagio1.webp?token=eyJhbGciOiJIUzI1NiIsInR5cCI6IkpXVCJ9.eyJ1cmwiOiJjYW5hcGUtaW1nL0JlbGxhZ2lvL0JlbGxhZ2lvMS53ZWJwIiwiaWF0IjoxNzMyMDQ3NjkwLCJleHAiOjIwNDc0MDc2OTB9.nGh0iOnC4vNscS3E_-zalSJ3Ley82a_No0Pzn51URD0&t=2024-11-19T20%3A21%3A30.089Z"",""https://pejotrvfcsqfdakpnqil.supabase.co/storage/v1/object/sign/canape-img/Bellagio/bellagio2.webp?token=eyJhbGciOiJIUzI1NiIsInR5cCI6IkpXVCJ9.eyJ1cmwiOiJjYW5hcGUtaW1nL0JlbGxhZ2lvL2JlbGxhZ2lvMi53ZWJwIiwiaWF0IjoxNzMyMDQ3NzE3LCJleHAiOjIwNDc0MDc3MTd9.EwseaCPSSCImf6Pr6yHYfee1TlE63bmhS57P9vP9g_8&t=2024-11-19T20%3A21%3A57.344Z"",""https://pejotrvfcsqfdakpnqil.supabase.co/storage/v1/object/sign/canape-img/Bellagio/bellagio.webp?token=eyJhbGciOiJIUzI1NiIsInR5cCI6IkpXVCJ9.eyJ1cmwiOiJjYW5hcGUtaW1nL0JlbGxhZ2lvL2JlbGxhZ2lvLndlYnAiLCJpYXQiOjE3MzIwNDc3MzgsImV4cCI6MjA0NzQwNzczOH0.Bdn1mDmICFPr3lpAA3iqjIDuP6Nfcy_H3oZLI05FWAs&t=2024-11-19T20%3A22%3A18.077Z""]",yellow,3
2,BellagioBleu,Un canapé modulable qui s'adapte à tous vos besoins.,899.99,,250 cm,150 cm,85 cm,false,"[""https://pejotrvfcsqfdakpnqil.supabase.co/storage/v1/object/sign/canape-img/BellagioBleu/bellagioBleau1.webp?token=eyJhbGciOiJIUzI1NiIsInR5cCI6IkpXVCJ9.eyJ1cmwiOiJjYW5hcGUtaW1nL0JlbGxhZ2lvQmxldS9iZWxsYWdpb0JsZWF1MS53ZWJwIiwiaWF0IjoxNzMyMDQ3ODgyLCJleHAiOjIwNDc0MDc4ODJ9.6FGHEIDSPlYzSv_TAyIgEcvphsYCHrZQJ0j4ZIcY5s4&t=2024-11-19T20%3A24%3A42.987Z"",""https://pejotrvfcsqfdakpnqil.supabase.co/storage/v1/object/sign/canape-img/BellagioBleu/bellagioBleau2.webp?token=eyJhbGciOiJIUzI1NiIsInR5cCI6IkpXVCJ9.eyJ1cmwiOiJjYW5hcGUtaW1nL0JlbGxhZ2lvQmxldS9iZWxsYWdpb0JsZWF1Mi53ZWJwIiwiaWF0IjoxNzMyMDQ3OTA5LCJleHAiOjIwNDc0MDc5MDl9.4nNp1aWChsNH0lY-DChwIS2ha2JSri46BWbeYT1mBAk&t=2024-11-19T20%3A25%3A09.756Z"",""https://pejotrvfcsqfdakpnqil.supabase.co/storage/v1/object/sign/canape-img/BellagioBleu/bellagioBleau3.webp?token=eyJhbGciOiJIUzI1NiIsInR5cCI6IkpXVCJ9.eyJ1cmwiOiJjYW5hcGUtaW1nL0JlbGxhZ2lvQmxldS9iZWxsYWdpb0JsZWF1My53ZWJwIiwiaWF0IjoxNzMyMDQ3OTMwLCJleHAiOjIwNDc0MDc5MzB9.Vc_3pDPEs0Bap2GIV6nMbfVZctjabWnhbX1xZ0e2LGQ&t=2024-11-19T20%3A25%3A30.644Z""]",blue,3
3,BellagioGrey,Un canapé convertible idéal pour les invités.,749.99,,200 cm,100 cm,90 cm,true,"[""https://pejotrvfcsqfdakpnqil.supabase.co/storage/v1/object/sign/canape-img/BellagioGrey/bellagiogris1.webp?token=eyJhbGciOiJIUzI1NiIsInR5cCI6IkpXVCJ9.eyJ1cmwiOiJjYW5hcGUtaW1nL0JlbGxhZ2lvR3JleS9iZWxsYWdpb2dyaXMxLndlYnAiLCJpYXQiOjE3MzIwNDgxOTQsImV4cCI6MjA0NzQwODE5NH0.E0AyILAisx976N7j6izMfsSPZFbEjIrUxv_PgTrs0WY&t=2024-11-19T20%3A29%3A54.423Z"",""https://pejotrvfcsqfdakpnqil.supabase.co/storage/v1/object/sign/canape-img/BellagioGrey/bellagiogris3.webp?token=eyJhbGciOiJIUzI1NiIsInR5cCI6IkpXVCJ9.eyJ1cmwiOiJjYW5hcGUtaW1nL0JlbGxhZ2lvR3JleS9iZWxsYWdpb2dyaXMzLndlYnAiLCJpYXQiOjE3MzIwNDgyMjIsImV4cCI6MjA0NzQwODIyMn0.YhcT8E4BHPKyMTz8J4vGN3vQoHjPqVqrwulO0eT7J58&t=2024-11-19T20%3A30%3A22.587Z"",""https://pejotrvfcsqfdakpnqil.supabase.co/storage/v1/object/sign/canape-img/BellagioGrey/bellagiogris.webp?token=eyJhbGciOiJIUzI1NiIsInR5cCI6IkpXVCJ9.eyJ1cmwiOiJjYW5hcGUtaW1nL0JlbGxhZ2lvR3JleS9iZWxsYWdpb2dyaXMud2VicCIsImlhdCI6MTczMjA0ODIzOSwiZXhwIjoyMDQ3NDA4MjM5fQ.5fx-JcCHGwYtqIsOsfYbjLPY36JTRqxj5hgYbUWPy0A&t=2024-11-19T20%3A30%3A39.893Z""]",gray,3
4,Bermuda,"Un canapé au style scandinave, moderne et confortable.",499.99,,180 cm,85 cm,85 cm,true,"[""https://pejotrvfcsqfdakpnqil.supabase.co/storage/v1/object/sign/canape-img/Bermuda/Bermedu1.webp?token=eyJhbGciOiJIUzI1NiIsInR5cCI6IkpXVCJ9.eyJ1cmwiOiJjYW5hcGUtaW1nL0Jlcm11ZGEvQmVybWVkdTEud2VicCIsImlhdCI6MTczMjA0ODI3NiwiZXhwIjoyMDQ3NDA4Mjc2fQ.YLmQQAcswBePyzoYztDFkDQejdKHIntWPXpDZ7uiYRY&t=2024-11-19T20%3A31%3A16.679Z"",""https://pejotrvfcsqfdakpnqil.supabase.co/storage/v1/object/sign/canape-img/Bermuda/Bermedu2.webp?token=eyJhbGciOiJIUzI1NiIsInR5cCI6IkpXVCJ9.eyJ1cmwiOiJjYW5hcGUtaW1nL0Jlcm11ZGEvQmVybWVkdTIud2VicCIsImlhdCI6MTczMjA0ODI5MSwiZXhwIjoyMDQ3NDA4MjkxfQ.ZYMJXqkVvU6Se4bVef0HQLvhFnjaD8Arbh6uIj6cbV8&t=2024-11-19T20%3A31%3A31.630Z"",""https://pejotrvfcsqfdakpnqil.supabase.co/storage/v1/object/sign/canape-img/Bermuda/Bermedu3.webp?token=eyJhbGciOiJIUzI1NiIsInR5cCI6IkpXVCJ9.eyJ1cmwiOiJjYW5hcGUtaW1nL0Jlcm11ZGEvQmVybWVkdTMud2VicCIsImlhdCI6MTczMjA0ODMwNCwiZXhwIjoyMDQ3NDA4MzA0fQ.xiMr3HBAuVzNv2p7JUadyhNFCik1C6JnLmgR6PXg6DM&t=2024-11-19T20%3A31%3A44.787Z""]",pink,1
5,Berne,Un fauteuil lounge confortable pour la détente.,349.99,,90 cm,80 cm,100 cm,true,"[""https://pejotrvfcsqfdakpnqil.supabase.co/storage/v1/object/sign/canape-img/Berne/Berne1.webp?token=eyJhbGciOiJIUzI1NiIsInR5cCI6IkpXVCJ9.eyJ1cmwiOiJjYW5hcGUtaW1nL0Jlcm5lL0Jlcm5lMS53ZWJwIiwiaWF0IjoxNzMyMDQ4MzU0LCJleHAiOjIwNDc0MDgzNTR9.vNri5ZFnaIot4WfiYDna_QAcb_a8ziTDzHAdKpFocJA&t=2024-11-19T20%3A32%3A34.175Z"",""https://pejotrvfcsqfdakpnqil.supabase.co/storage/v1/object/sign/canape-img/Berne/Berne2.webp?token=eyJhbGciOiJIUzI1NiIsInR5cCI6IkpXVCJ9.eyJ1cmwiOiJjYW5hcGUtaW1nL0Jlcm5lL0Jlcm5lMi53ZWJwIiwiaWF0IjoxNzMyMDQ4MzY5LCJleHAiOjIwNDc0MDgzNjl9.D_wQ35QJ0eCogAPtzcg0erKHzlQHmGQntZvd7pdjxWk&t=2024-11-19T20%3A32%3A49.071Z"",""https://pejotrvfcsqfdakpnqil.supabase.co/storage/v1/object/sign/canape-img/Berne/Berne.webp?token=eyJhbGciOiJIUzI1NiIsInR5cCI6IkpXVCJ9.eyJ1cmwiOiJjYW5hcGUtaW1nL0Jlcm5lL0Jlcm5lLndlYnAiLCJpYXQiOjE3MzIwNDgzODIsImV4cCI6MjA0NzQwODM4Mn0.z9b0eYPfgzJ2RhxpZFcOM41HjjfKO-H-xqsRfI0EQzY&t=2024-11-19T20%3A33%3A02.111Z""]",gray dark,2
6,Bolza,"Un canapé en velours doux et luxueux, parfait pour le salon.",799.99,,220 cm,95 cm,85 cm,false,"[""https://pejotrvfcsqfdakpnqil.supabase.co/storage/v1/object/sign/canape-img/Bolza/Bol1.webp?token=eyJhbGciOiJIUzI1NiIsInR5cCI6IkpXVCJ9.eyJ1cmwiOiJjYW5hcGUtaW1nL0JvbHphL0JvbDEud2VicCIsImlhdCI6MTczMjA0ODQwNiwiZXhwIjoyMDQ3NDA4NDA2fQ.VVK4XXWzxv5_g8nSDrfud0I1QkU1y_M1DSGOvrFqqf8&t=2024-11-19T20%3A33%3A26.660Z"",""https://pejotrvfcsqfdakpnqil.supabase.co/storage/v1/object/sign/canape-img/Bolza/Bol2.webp?token=eyJhbGciOiJIUzI1NiIsInR5cCI6IkpXVCJ9.eyJ1cmwiOiJjYW5hcGUtaW1nL0JvbHphL0JvbDIud2VicCIsImlhdCI6MTczMjA0ODQyMCwiZXhwIjoyMDQ3NDA4NDIwfQ.6gF9pkx_rEEuxMExEimzGmItqFFGQZjCTVzNe6pu_So&t=2024-11-19T20%3A33%3A40.726Z""]",gray,1
7,Bolzano,Un canapé compact idéal pour les petits appartements.,399.99,,130 cm,70 cm,80 cm,true,"[""https://pejotrvfcsqfdakpnqil.supabase.co/storage/v1/object/sign/canape-img/Bolzano/Bolzano1.webp?token=eyJhbGciOiJIUzI1NiIsInR5cCI6IkpXVCJ9.eyJ1cmwiOiJjYW5hcGUtaW1nL0JvbHphbm8vQm9semFubzEud2VicCIsImlhdCI6MTczMjA0ODQ0OSwiZXhwIjoyMDQ3NDA4NDQ5fQ.SlFiKzltP0uPnc-LKXyls8Iu0jbofg_3qYsukwUJawU&t=2024-11-19T20%3A34%3A09.910Z"",""https://pejotrvfcsqfdakpnqil.supabase.co/storage/v1/object/sign/canape-img/Bolzano/Bolzano2.webp?token=eyJhbGciOiJIUzI1NiIsInR5cCI6IkpXVCJ9.eyJ1cmwiOiJjYW5hcGUtaW1nL0JvbHphbm8vQm9semFubzIud2VicCIsImlhdCI6MTczMjA0ODQ2NSwiZXhwIjoyMDQ3NDA4NDY1fQ.kFQu3YdV0vpwrJs4A88PKvvP2_omHAoZZvltKWHiECQ&t=2024-11-19T20%3A34%3A25.260Z"",""https://pejotrvfcsqfdakpnqil.supabase.co/storage/v1/object/sign/canape-img/Bolzano/Bolzano.webp?token=eyJhbGciOiJIUzI1NiIsInR5cCI6IkpXVCJ9.eyJ1cmwiOiJjYW5hcGUtaW1nL0JvbHphbm8vQm9semFuby53ZWJwIiwiaWF0IjoxNzMyMDQ4NDc5LCJleHAiOjIwNDc0MDg0Nzl9.EcldLInLhVSaj4NgtdfHo7Zr2Sx14Fb7HE5CoKD31FE&t=2024-11-19T20%3A34%3A39.708Z""]",beige,3
8,Carlton,Un canapé modulable qui se transforme en lit.,899.99,,250 cm,150 cm,90 cm,true,"[""https://pejotrvfcsqfdakpnqil.supabase.co/storage/v1/object/sign/canape-img/Carlton/carlton1.webp?token=eyJhbGciOiJIUzI1NiIsInR5cCI6IkpXVCJ9.eyJ1cmwiOiJjYW5hcGUtaW1nL0Nhcmx0b24vY2FybHRvbjEud2VicCIsImlhdCI6MTczMjA0ODUxNSwiZXhwIjoyMDQ3NDA4NTE1fQ.Tvd0cewcHJPN5oMpXu9vvVQxutuHo7jVN3BsVdf5Mlg&t=2024-11-19T20%3A35%3A15.754Z""]",beige,5
9,Carmo,Un canapé en tissu résistant et facile à entretenir.,599.99,,200 cm,90 cm,85 cm,true,"[""https://pejotrvfcsqfdakpnqil.supabase.co/storage/v1/object/sign/canape-img/Carlton/carlton1.webp?token=eyJhbGciOiJIUzI1NiIsInR5cCI6IkpXVCJ9.eyJ1cmwiOiJjYW5hcGUtaW1nL0Nhcmx0b24vY2FybHRvbjEud2VicCIsImlhdCI6MTczMjA0ODUxNSwiZXhwIjoyMDQ3NDA4NTE1fQ.Tvd0cewcHJPN5oMpXu9vvVQxutuHo7jVN3BsVdf5Mlg&t=2024-11-19T20%3A35%3A15.754Z"",""https://pejotrvfcsqfdakpnqil.supabase.co/storage/v1/object/sign/canape-img/Carlton/carlton2.webp?token=eyJhbGciOiJIUzI1NiIsInR5cCI6IkpXVCJ9.eyJ1cmwiOiJjYW5hcGUtaW1nL0Nhcmx0b24vY2FybHRvbjIud2VicCIsImlhdCI6MTczMjA0ODU1MywiZXhwIjoyMDQ3NDA4NTUzfQ.C6YbgvMJH2Pg-Cc-KIbXu5HQrhXnDeiKL-_NZMXxGFs&t=2024-11-19T20%3A35%3A53.947Z"",""https://pejotrvfcsqfdakpnqil.supabase.co/storage/v1/object/sign/canape-img/Carlton/carlton.webp?token=eyJhbGciOiJIUzI1NiIsInR5cCI6IkpXVCJ9.eyJ1cmwiOiJjYW5hcGUtaW1nL0Nhcmx0b24vY2FybHRvbi53ZWJwIiwiaWF0IjoxNzMyMDQ4NTY1LCJleHAiOjIwNDc0MDg1NjV9.2A8ij7B2r-w6aJdvW6w5mmm1fRt6KAfw2r3FVPsNZK4&t=2024-11-19T20%3A36%3A06.029Z""]",brown,5
10,Carmo1,Un canapé au design rétro qui ajoute du caractère à votre salon.,799.99,,230 cm,100 cm,90 cm,false,"[""https://pejotrvfcsqfdakpnqil.supabase.co/storage/v1/object/sign/canape-img/Carmo/Carmo1.webp?token=eyJhbGciOiJIUzI1NiIsInR5cCI6IkpXVCJ9.eyJ1cmwiOiJjYW5hcGUtaW1nL0Nhcm1vL0Nhcm1vMS53ZWJwIiwiaWF0IjoxNzMyMDQ4NTkwLCJleHAiOjIwNDc0MDg1OTB9.cjj9VUXF14UDnMn7k4CQ5RJELgxVcxwpcZ5TZ4xCm1E&t=2024-11-19T20%3A36%3A30.859Z"",""https://pejotrvfcsqfdakpnqil.supabase.co/storage/v1/object/sign/canape-img/Carmo/Carmo3.webp?token=eyJhbGciOiJIUzI1NiIsInR5cCI6IkpXVCJ9.eyJ1cmwiOiJjYW5hcGUtaW1nL0Nhcm1vL0Nhcm1vMy53ZWJwIiwiaWF0IjoxNzMyMDQ4NjA1LCJleHAiOjIwNDc0MDg2MDV9.AIe7uuCe8JIYvZbUYodhbLVzuiU_IXjZZv97JYYZw_Y&t=2024-11-19T20%3A36%3A45.968Z"",""https://pejotrvfcsqfdakpnqil.supabase.co/storage/v1/object/sign/canape-img/Carmo/Carmo.webp?token=eyJhbGciOiJIUzI1NiIsInR5cCI6IkpXVCJ9.eyJ1cmwiOiJjYW5hcGUtaW1nL0Nhcm1vL0Nhcm1vLndlYnAiLCJpYXQiOjE3MzIwNDg2MTksImV4cCI6MjA0NzQwODYxOX0.lfmtkWk_mM-JPRHhAKU1s4jSe8708y0zrfoew-uHnos&t=2024-11-19T20%3A36%3A59.280Z""]",blue,1
11,Chelsea,"Un canapé d'extérieur résistant aux intempéries, parfait pour le jardin.",649.99,,240 cm,100 cm,75 cm,true,"[""https://pejotrvfcsqfdakpnqil.supabase.co/storage/v1/object/sign/canape-img/Carmo1/carmo1.webp?token=eyJhbGciOiJIUzI1NiIsInR5cCI6IkpXVCJ9.eyJ1cmwiOiJjYW5hcGUtaW1nL0Nhcm1vMS9jYXJtbzEud2VicCIsImlhdCI6MTczMjA0ODY0NywiZXhwIjoyMDQ3NDA4NjQ3fQ.hAs-O1alleXsUQm_5Pt7ByqAhyj7jhY8fRk4YDyH5s0&t=2024-11-19T20%3A37%3A27.540Z"",""https://pejotrvfcsqfdakpnqil.supabase.co/storage/v1/object/sign/canape-img/Carmo1/carmo2.webp?token=eyJhbGciOiJIUzI1NiIsInR5cCI6IkpXVCJ9.eyJ1cmwiOiJjYW5hcGUtaW1nL0Nhcm1vMS9jYXJtbzIud2VicCIsImlhdCI6MTczMjA0ODY2MywiZXhwIjoyMDQ3NDA4NjYzfQ.dghPIOP5Cxz-eONUVfjYOaxv2Z-8UfVadRhgDPHtu8I&t=2024-11-19T20%3A37%3A44.033Z"",""https://pejotrvfcsqfdakpnqil.supabase.co/storage/v1/object/sign/canape-img/Carmo1/carmo.webp?token=eyJhbGciOiJIUzI1NiIsInR5cCI6IkpXVCJ9.eyJ1cmwiOiJjYW5hcGUtaW1nL0Nhcm1vMS9jYXJtby53ZWJwIiwiaWF0IjoxNzMyMDQ4Njc3LCJleHAiOjIwNDc0MDg2Nzd9.874dMKYkDjnMcHU4kTwApboBSKnKMbG-UNBaLXIJSmU&t=2024-11-19T20%3A37%3A57.236Z""]",brown,1
12,Hampton,"Un canapé modulable en forme de U, parfait pour les grandes familles.",999.99,,300 cm,200 cm,90 cm,true,"[""https://pejotrvfcsqfdakpnqil.supabase.co/storage/v1/object/sign/canape-img/Chelsea/Chelsea1.webp?token=eyJhbGciOiJIUzI1NiIsInR5cCI6IkpXVCJ9.eyJ1cmwiOiJjYW5hcGUtaW1nL0NoZWxzZWEvQ2hlbHNlYTEud2VicCIsImlhdCI6MTczMjA0ODY5NiwiZXhwIjoyMDQ3NDA4Njk2fQ.4wFEAgPRzx-M51oXczx2Jkj6rngKgNYU_HBLgJyT0es&t=2024-11-19T20%3A38%3A16.678Z"",""https://pejotrvfcsqfdakpnqil.supabase.co/storage/v1/object/sign/canape-img/Chelsea/Chelsea3.webp?token=eyJhbGciOiJIUzI1NiIsInR5cCI6IkpXVCJ9.eyJ1cmwiOiJjYW5hcGUtaW1nL0NoZWxzZWEvQ2hlbHNlYTMud2VicCIsImlhdCI6MTczMjA0ODcxMCwiZXhwIjoyMDQ3NDA4NzEwfQ.U2DGXrEpXwhfRzz6t2lEzp2_2YxmZBJQyPLxj1E9ek0&t=2024-11-19T20%3A38%3A30.209Z"",""https://pejotrvfcsqfdakpnqil.supabase.co/storage/v1/object/sign/canape-img/Chelsea/Chelsea.webp?token=eyJhbGciOiJIUzI1NiIsInR5cCI6IkpXVCJ9.eyJ1cmwiOiJjYW5hcGUtaW1nL0NoZWxzZWEvQ2hlbHNlYS53ZWJwIiwiaWF0IjoxNzMyMDQ4NzIzLCJleHAiOjIwNDc0MDg3MjN9.IhcUyfLUUzJHFAYmBUZLX70-iDNoL1pCDAwSsxYbw1s&t=2024-11-19T20%3A38%3A43.827Z""]",gray,6
13,Indivi,Un canapé avec une chaise longue intégrée pour un maximum de confort.,749.99,,250 cm,150 cm,90 cm,true,"[""https://pejotrvfcsqfdakpnqil.supabase.co/storage/v1/object/sign/canape-img/Hampton/Hampton1.webp?token=eyJhbGciOiJIUzI1NiIsInR5cCI6IkpXVCJ9.eyJ1cmwiOiJjYW5hcGUtaW1nL0hhbXB0b24vSGFtcHRvbjEud2VicCIsImlhdCI6MTczMjA0ODc0OCwiZXhwIjoyMDQ3NDA4NzQ4fQ.633q-m6kVMibQCY2MrFOnJbAXmf-iyOf33DnPkEtEAo&t=2024-11-19T20%3A39%3A08.709Z"",""https://pejotrvfcsqfdakpnqil.supabase.co/storage/v1/object/sign/canape-img/Hampton/Hampton3.webp?token=eyJhbGciOiJIUzI1NiIsInR5cCI6IkpXVCJ9.eyJ1cmwiOiJjYW5hcGUtaW1nL0hhbXB0b24vSGFtcHRvbjMud2VicCIsImlhdCI6MTczMjA0ODc2MywiZXhwIjoyMDQ3NDA4NzYzfQ.AQZ6k0JHA3R-sNqOQhR67YSddptPS0_ODxh3QG_8i0M&t=2024-11-19T20%3A39%3A23.353Z"",""https://pejotrvfcsqfdakpnqil.supabase.co/storage/v1/object/sign/canape-img/Hampton/Hampton.webp?token=eyJhbGciOiJIUzI1NiIsInR5cCI6IkpXVCJ9.eyJ1cmwiOiJjYW5hcGUtaW1nL0hhbXB0b24vSGFtcHRvbi53ZWJwIiwiaWF0IjoxNzMyMDQ4Nzc2LCJleHAiOjIwNDc0MDg3NzZ9.PA4mi7UCbwiUM8PVKkH03fgAerOfhY9Epqn0z6WmSC0&t=2024-11-19T20%3A39%3A36.562Z""]",black,5
14,Indivi2,Un canapé à roulettes pour un déplacement facile dans la maison.,499.99,,200 cm,100 cm,85 cm,false,"[""https://pejotrvfcsqfdakpnqil.supabase.co/storage/v1/object/sign/canape-img/Indivi/Indivi2.webp?token=eyJhbGciOiJIUzI1NiIsInR5cCI6IkpXVCJ9.eyJ1cmwiOiJjYW5hcGUtaW1nL0luZGl2aS9JbmRpdmkyLndlYnAiLCJpYXQiOjE3MzIwNDg4MDcsImV4cCI6MjA0NzQwODgwN30.gtfPYb4wTVX6eW4l9kiKpKMgBCSOgmr5tNN5DzohmoU&t=2024-11-19T20%3A40%3A07.903Z"",""https://pejotrvfcsqfdakpnqil.supabase.co/storage/v1/object/sign/canape-img/Indivi/Indivi3.webp?token=eyJhbGciOiJIUzI1NiIsInR5cCI6IkpXVCJ9.eyJ1cmwiOiJjYW5hcGUtaW1nL0luZGl2aS9JbmRpdmkzLndlYnAiLCJpYXQiOjE3MzIwNDg4MjAsImV4cCI6MjA0NzQwODgyMH0.-gjfoQJVyyYQVQE0_Zog9nYNrcMYsv_XWkNBvKCFQ_o&t=2024-11-19T20%3A40%3A20.390Z"",""https://pejotrvfcsqfdakpnqil.supabase.co/storage/v1/object/sign/canape-img/Indivi/Indivi.webp?token=eyJhbGciOiJIUzI1NiIsInR5cCI6IkpXVCJ9.eyJ1cmwiOiJjYW5hcGUtaW1nL0luZGl2aS9JbmRpdmkud2VicCIsImlhdCI6MTczMjA0ODgzMSwiZXhwIjoyMDQ3NDA4ODMxfQ.HLroaBNId3Op3j3Y_XL1AojlI3J4JXIA1fBHpTHHWrk&t=2024-11-19T20%3A40%3A31.859Z""]",black,7
15,Indivi3,Un canapé classique qui s'intègre parfaitement dans tous les styles de décoration.,599.99,,220 cm,90 cm,90 cm,true,"[""https://pejotrvfcsqfdakpnqil.supabase.co/storage/v1/object/sign/canape-img/Indivi2/Indivi1.webp?token=eyJhbGciOiJIUzI1NiIsInR5cCI6IkpXVCJ9.eyJ1cmwiOiJjYW5hcGUtaW1nL0luZGl2aTIvSW5kaXZpMS53ZWJwIiwiaWF0IjoxNzMyMDQ4ODYyLCJleHAiOjIwNDc0MDg4NjJ9.8T1oWG91wGurS03DPjsThBAYOPpdGvaGhs1EBXfxdrY&t=2024-11-19T20%3A41%3A02.168Z"",""https://pejotrvfcsqfdakpnqil.supabase.co/storage/v1/object/sign/canape-img/Indivi2/Indivi2.webp?token=eyJhbGciOiJIUzI1NiIsInR5cCI6IkpXVCJ9.eyJ1cmwiOiJjYW5hcGUtaW1nL0luZGl2aTIvSW5kaXZpMi53ZWJwIiwiaWF0IjoxNzMyMDQ4ODc1LCJleHAiOjIwNDc0MDg4NzV9.2jarQTZF6kUM2OBmQTuXRUE-08AUBWWG5oJjy0tiMVQ&t=2024-11-19T20%3A41%3A15.315Z"",""https://pejotrvfcsqfdakpnqil.supabase.co/storage/v1/object/sign/canape-img/Indivi2/Indivi3.webp?token=eyJhbGciOiJIUzI1NiIsInR5cCI6IkpXVCJ9.eyJ1cmwiOiJjYW5hcGUtaW1nL0luZGl2aTIvSW5kaXZpMy53ZWJwIiwiaWF0IjoxNzMyMDQ4ODkzLCJleHAiOjIwNDc0MDg4OTN9.TXlkGeRL2an6PxofHsxnnZ6Q-nkvR60hJmGL4XWps1Q&t=2024-11-19T20%3A41%3A33.912Z""]",blue,4
16,Modena,"Un canapé épuré au design minimaliste, idéal pour un intérieur moderne.",699.99,,200 cm,95 cm,85 cm,true,"[""https://pejotrvfcsqfdakpnqil.supabase.co/storage/v1/object/sign/canape-img/Individi3/Individi2.webp?token=eyJhbGciOiJIUzI1NiIsInR5cCI6IkpXVCJ9.eyJ1cmwiOiJjYW5hcGUtaW1nL0luZGl2aWRpMy9JbmRpdmlkaTIud2VicCIsImlhdCI6MTczMjA0ODkyNiwiZXhwIjoyMDQ3NDA4OTI2fQ.1ucuwuYDwzQ8Y-R1MAwAA9F11Q2ASOysCTnK4dryqSs&t=2024-11-19T20%3A42%3A06.373Z"",""https://pejotrvfcsqfdakpnqil.supabase.co/storage/v1/object/sign/canape-img/Individi3/Individi3.webp?token=eyJhbGciOiJIUzI1NiIsInR5cCI6IkpXVCJ9.eyJ1cmwiOiJjYW5hcGUtaW1nL0luZGl2aWRpMy9JbmRpdmlkaTMud2VicCIsImlhdCI6MTczMjA0ODkzOSwiZXhwIjoyMDQ3NDA4OTM5fQ.pU8VchvuPqUdbHn4d1dDXgBBSDpShdkBTEb2l-q3uwA&t=2024-11-19T20%3A42%3A19.176Z"",""https://pejotrvfcsqfdakpnqil.supabase.co/storage/v1/object/sign/canape-img/Individi3/Individi4.webp?token=eyJhbGciOiJIUzI1NiIsInR5cCI6IkpXVCJ9.eyJ1cmwiOiJjYW5hcGUtaW1nL0luZGl2aWRpMy9JbmRpdmlkaTQud2VicCIsImlhdCI6MTczMjA0ODk1MiwiZXhwIjoyMDQ3NDA4OTUyfQ.9MKMFADteS7s4IvxxSYYJskl4_tnqPuEhvhUuJbDhcM&t=2024-11-19T20%3A42%3A32.794Z""]",gray,3
17,Modena2,Un canapé convertible avec un design contemporain et pratique pour les petits espaces.,799.99,,210 cm,100 cm,90 cm,true,"[""https://pejotrvfcsqfdakpnqil.supabase.co/storage/v1/object/sign/canape-img/Modena/Modena1.webp?token=eyJhbGciOiJIUzI1NiIsInR5cCI6IkpXVCJ9.eyJ1cmwiOiJjYW5hcGUtaW1nL01vZGVuYS9Nb2RlbmExLndlYnAiLCJpYXQiOjE3MzIwNDg5NzcsImV4cCI6MjA0NzQwODk3N30.iXhavAWLHWtaiymQXJlRsYyyKx9_Wt9JBV4NDW4Cf6o&t=2024-11-19T20%3A42%3A57.491Z"",""https://pejotrvfcsqfdakpnqil.supabase.co/storage/v1/object/sign/canape-img/Modena/Modena2.webp?token=eyJhbGciOiJIUzI1NiIsInR5cCI6IkpXVCJ9.eyJ1cmwiOiJjYW5hcGUtaW1nL01vZGVuYS9Nb2RlbmEyLndlYnAiLCJpYXQiOjE3MzIwNDg5OTMsImV4cCI6MjA0NzQwODk5M30.A86RdyrxJYw__RBCdY3t8txENxyhBlWxPx3QCFBxQTc&t=2024-11-19T20%3A43%3A13.959Z"",""https://pejotrvfcsqfdakpnqil.supabase.co/storage/v1/object/sign/canape-img/Modena/Modenarose1.webp?token=eyJhbGciOiJIUzI1NiIsInR5cCI6IkpXVCJ9.eyJ1cmwiOiJjYW5hcGUtaW1nL01vZGVuYS9Nb2RlbmFyb3NlMS53ZWJwIiwiaWF0IjoxNzMyMDQ5MDA2LCJleHAiOjIwNDc0MDkwMDZ9.I99Tdj4pTxAIWFgpTjZCH5CSXiaFtuJ1nNupqzy5XRw&t=2024-11-19T20%3A43%3A27.066Z""]",beige,2
18,Modena3,"Un canapé sectionnel spacieux avec un look moderne, parfait pour les grandes pièces.",1099.99,,300 cm,150 cm,90 cm,true,"[""https://pejotrvfcsqfdakpnqil.supabase.co/storage/v1/object/sign/canape-img/Modena/Modenarose2.webp?token=eyJhbGciOiJIUzI1NiIsInR5cCI6IkpXVCJ9.eyJ1cmwiOiJjYW5hcGUtaW1nL01vZGVuYS9Nb2RlbmFyb3NlMi53ZWJwIiwiaWF0IjoxNzMyMDQ5MDMzLCJleHAiOjIwNDc0MDkwMzN9.Uo6hJzYnXhSBTcfrBjRx7Owo0Aa9RIKhQAU_2WC2dS4&t=2024-11-19T20%3A43%3A53.893Z"",""https://pejotrvfcsqfdakpnqil.supabase.co/storage/v1/object/sign/canape-img/Modena/Modenarose.webp?token=eyJhbGciOiJIUzI1NiIsInR5cCI6IkpXVCJ9.eyJ1cmwiOiJjYW5hcGUtaW1nL01vZGVuYS9Nb2RlbmFyb3NlLndlYnAiLCJpYXQiOjE3MzIwNDkwNDgsImV4cCI6MjA0NzQwOTA0OH0.WAnwbPJibr7sHlueBzD-8nS6CDl6Xd4pzMCvgLG_I0g&t=2024-11-19T20%3A44%3A08.330Z"",""https://pejotrvfcsqfdakpnqil.supabase.co/storage/v1/object/sign/canape-img/Modena/Modena.webp?token=eyJhbGciOiJIUzI1NiIsInR5cCI6IkpXVCJ9.eyJ1cmwiOiJjYW5hcGUtaW1nL01vZGVuYS9Nb2RlbmEud2VicCIsImlhdCI6MTczMjA0OTA2MCwiZXhwIjoyMDQ3NDA5MDYwfQ.KbUp3KjlKBlEYe5ZF1nS7ezxsLCHOCTohzHHFe_gW2o&t=2024-11-19T20%3A44%3A21.028Z""]",pink,4
19,ModenaVert,"Un canapé pratique avec des espaces de rangement intégrés, idéal pour les petits appartements.",799.99,,210 cm,95 cm,85 cm,true,"[""https://pejotrvfcsqfdakpnqil.supabase.co/storage/v1/object/sign/canape-img/Modena2/modena1.webp?token=eyJhbGciOiJIUzI1NiIsInR5cCI6IkpXVCJ9.eyJ1cmwiOiJjYW5hcGUtaW1nL01vZGVuYTIvbW9kZW5hMS53ZWJwIiwiaWF0IjoxNzMyMDQ5MDc3LCJleHAiOjIwNDc0MDkwNzd9.W9MRbPFsowRs7ZWLb7iX7FW0Vm9OaFG0v2lpB5wE1jQ&t=2024-11-19T20%3A44%3A37.616Z"",""https://pejotrvfcsqfdakpnqil.supabase.co/storage/v1/object/sign/canape-img/Modena2/modena2.webp?token=eyJhbGciOiJIUzI1NiIsInR5cCI6IkpXVCJ9.eyJ1cmwiOiJjYW5hcGUtaW1nL01vZGVuYTIvbW9kZW5hMi53ZWJwIiwiaWF0IjoxNzMyMDQ5MDk3LCJleHAiOjIwNDc0MDkwOTd9.UQdNiMx0viklZCgwvbgcLgTYkkvxbhcYdJ-ECJbScYI&t=2024-11-19T20%3A44%3A57.807Z"",""https://pejotrvfcsqfdakpnqil.supabase.co/storage/v1/object/sign/canape-img/Modena2/modena3.webp?token=eyJhbGciOiJIUzI1NiIsInR5cCI6IkpXVCJ9.eyJ1cmwiOiJjYW5hcGUtaW1nL01vZGVuYTIvbW9kZW5hMy53ZWJwIiwiaWF0IjoxNzMyMDQ5MTA5LCJleHAiOjIwNDc0MDkxMDl9.Lo04DjCNF_0xxCEmQ0oK0exoNPfX5SN9McQdVt_LI9Q&t=2024-11-19T20%3A45%3A10.081Z""]",gray,5
20,Osaka,"Un canapé moderne avec un pouf assorti, pour un confort optimal.",749.99,,220 cm,110 cm,90 cm,false,"[""https://pejotrvfcsqfdakpnqil.supabase.co/storage/v1/object/sign/canape-img/ModenaVert/ModenaVert1.webp?token=eyJhbGciOiJIUzI1NiIsInR5cCI6IkpXVCJ9.eyJ1cmwiOiJjYW5hcGUtaW1nL01vZGVuYVZlcnQvTW9kZW5hVmVydDEud2VicCIsImlhdCI6MTczMjA0OTE1OSwiZXhwIjoyMDQ3NDA5MTU5fQ.3tfClM-gw_OVKONAfqx6ld2oAgn3pmv55KQwOhe0Nl4&t=2024-11-19T20%3A45%3A59.064Z"",""https://pejotrvfcsqfdakpnqil.supabase.co/storage/v1/object/sign/canape-img/ModenaVert/ModenaVert3.webp?token=eyJhbGciOiJIUzI1NiIsInR5cCI6IkpXVCJ9.eyJ1cmwiOiJjYW5hcGUtaW1nL01vZGVuYVZlcnQvTW9kZW5hVmVydDMud2VicCIsImlhdCI6MTczMjA0OTE3MiwiZXhwIjoyMDQ3NDA5MTcyfQ.v4lH7vLBsMcFqOz2QmS-W283pPmxDr77JHggY2yEz8I&t=2024-11-19T20%3A46%3A12.745Z"",""https://pejotrvfcsqfdakpnqil.supabase.co/storage/v1/object/sign/canape-img/ModenaVert/ModenaVert.webp?token=eyJhbGciOiJIUzI1NiIsInR5cCI6IkpXVCJ9.eyJ1cmwiOiJjYW5hcGUtaW1nL01vZGVuYVZlcnQvTW9kZW5hVmVydC53ZWJwIiwiaWF0IjoxNzMyMDQ5MTg1LCJleHAiOjIwNDc0MDkxODV9.wCSqlE5U7CF4WkjFgodSDkj24kRF4mRL7hL13ix1lTA&t=2024-11-19T20%3A46%3A25.442Z""]",green,3
21,Salamanca,Un canapé en cuir avec un dossier haut pour un meilleur soutien.,899.99,,240 cm,100 cm,95 cm,true,"[""https://pejotrvfcsqfdakpnqil.supabase.co/storage/v1/object/sign/canape-img/Osaka/Osaka2.webp?token=eyJhbGciOiJIUzI1NiIsInR5cCI6IkpXVCJ9.eyJ1cmwiOiJjYW5hcGUtaW1nL09zYWthL09zYWthMi53ZWJwIiwiaWF0IjoxNzMyMDQ5MjM0LCJleHAiOjIwNDc0MDkyMzR9.1wjQghuRelyPxtRF830eDi-W0-qWcbxpMfGKyrL8_Ks&t=2024-11-19T20%3A47%3A14.840Z"",""https://pejotrvfcsqfdakpnqil.supabase.co/storage/v1/object/sign/canape-img/Osaka/Osaka3.webp?token=eyJhbGciOiJIUzI1NiIsInR5cCI6IkpXVCJ9.eyJ1cmwiOiJjYW5hcGUtaW1nL09zYWthL09zYWthMy53ZWJwIiwiaWF0IjoxNzMyMDQ5MjQ4LCJleHAiOjIwNDc0MDkyNDh9.aZ9qeHZ4MXL8RoizRz_fhDALLoXNpKWtEw03R9fm1Aw&t=2024-11-19T20%3A47%3A28.827Z"",""https://pejotrvfcsqfdakpnqil.supabase.co/storage/v1/object/sign/canape-img/Osaka/Osaka.webp?token=eyJhbGciOiJIUzI1NiIsInR5cCI6IkpXVCJ9.eyJ1cmwiOiJjYW5hcGUtaW1nL09zYWthL09zYWthLndlYnAiLCJpYXQiOjE3MzIwNDkyNTksImV4cCI6MjA0NzQwOTI1OX0.D3XBZqKnu29zcuKaGx_6IHoxYUyxB4pptYq3Vbr_oJM&t=2024-11-19T20%3A47%3A39.067Z""]",gray,5
22,Salamanca1,Un canapé au style vintage qui apportera une touche rétro à votre salon.,649.99,,220 cm,100 cm,85 cm,true,"[""https://pejotrvfcsqfdakpnqil.supabase.co/storage/v1/object/sign/canape-img/Salamanca/Salamanca1.webp?token=eyJhbGciOiJIUzI1NiIsInR5cCI6IkpXVCJ9.eyJ1cmwiOiJjYW5hcGUtaW1nL1NhbGFtYW5jYS9TYWxhbWFuY2ExLndlYnAiLCJpYXQiOjE3MzIwNDkyODQsImV4cCI6MjA0NzQwOTI4NH0.ah0Wa6uhzokr35JXg1jmmAE66pibnHgmYtG5edSrFRc&t=2024-11-19T20%3A48%3A04.463Z"",""https://pejotrvfcsqfdakpnqil.supabase.co/storage/v1/object/sign/canape-img/Salamanca/Salamanca3.webp?token=eyJhbGciOiJIUzI1NiIsInR5cCI6IkpXVCJ9.eyJ1cmwiOiJjYW5hcGUtaW1nL1NhbGFtYW5jYS9TYWxhbWFuY2EzLndlYnAiLCJpYXQiOjE3MzIwNDkyOTgsImV4cCI6MjA0NzQwOTI5OH0.15hcXSuEosf515QAHGWgiedeUasare7klkWfNv5JUtY&t=2024-11-19T20%3A48%3A18.815Z"",""https://pejotrvfcsqfdakpnqil.supabase.co/storage/v1/object/sign/canape-img/Salamanca/Salamanca.webp?token=eyJhbGciOiJIUzI1NiIsInR5cCI6IkpXVCJ9.eyJ1cmwiOiJjYW5hcGUtaW1nL1NhbGFtYW5jYS9TYWxhbWFuY2Eud2VicCIsImlhdCI6MTczMjA0OTMyNywiZXhwIjoyMDQ3NDA5MzI3fQ.d9NgQKwK_Vnr9XQ3GzEKQdbUMfyN0b9RuxdVKplI12o&t=2024-11-19T20%3A48%3A47.576Z""]",gray,4
23,Salamanca3,"Un canapé modulable en forme de L, qui offre à la fois confort et flexibilité.",899.99,,270 cm,150 cm,85 cm,true,"[""https://pejotrvfcsqfdakpnqil.supabase.co/storage/v1/object/sign/canape-img/Salamanca1/Salamanca1.webp?token=eyJhbGciOiJIUzI1NiIsInR5cCI6IkpXVCJ9.eyJ1cmwiOiJjYW5hcGUtaW1nL1NhbGFtYW5jYTEvU2FsYW1hbmNhMS53ZWJwIiwiaWF0IjoxNzMyMDQ5MzM5LCJleHAiOjIwNDc0MDkzMzl9.7h7ovi4HSvj8-f6qp0FOiYhjerTp2XgfIz7180yl7xw&t=2024-11-19T20%3A48%3A59.863Z"",""https://pejotrvfcsqfdakpnqil.supabase.co/storage/v1/object/sign/canape-img/Salamanca1/Salamanca2.webp?token=eyJhbGciOiJIUzI1NiIsInR5cCI6IkpXVCJ9.eyJ1cmwiOiJjYW5hcGUtaW1nL1NhbGFtYW5jYTEvU2FsYW1hbmNhMi53ZWJwIiwiaWF0IjoxNzMyMDQ5MzU5LCJleHAiOjIwNDc0MDkzNTl9._buYrnR81nAsho_tpWTL3TvngMyK0TUTYaky8O0f4tg&t=2024-11-19T20%3A49%3A19.833Z"",""https://pejotrvfcsqfdakpnqil.supabase.co/storage/v1/object/sign/canape-img/Salamanca1/Salamanca3.webp?token=eyJhbGciOiJIUzI1NiIsInR5cCI6IkpXVCJ9.eyJ1cmwiOiJjYW5hcGUtaW1nL1NhbGFtYW5jYTEvU2FsYW1hbmNhMy53ZWJwIiwiaWF0IjoxNzMyMDQ5Mzc2LCJleHAiOjIwNDc0MDkzNzZ9.gMD-xhg1tuWXjtUZ0yZND_Xeh5rH0ROQH84Ew7p9uuw&t=2024-11-19T20%3A49%3A36.740Z""]",brown,8
24,Salamanca4,Un canapé au design futuriste avec des lignes nettes et des matériaux modernes.,999.99,,230 cm,100 cm,90 cm,false,"[""https://pejotrvfcsqfdakpnqil.supabase.co/storage/v1/object/sign/canape-img/Salamanca3/Salamanca3.webp?token=eyJhbGciOiJIUzI1NiIsInR5cCI6IkpXVCJ9.eyJ1cmwiOiJjYW5hcGUtaW1nL1NhbGFtYW5jYTMvU2FsYW1hbmNhMy53ZWJwIiwiaWF0IjoxNzMyMDQ5NDAyLCJleHAiOjIwNDc0MDk0MDJ9.fehsMA-GDehhLQCgtQUjk9Yh1isR2wCPK2kAjBtR6gk&t=2024-11-19T20%3A50%3A02.174Z"",""https://pejotrvfcsqfdakpnqil.supabase.co/storage/v1/object/sign/canape-img/Salamanca3/Salamanca4.webp?token=eyJhbGciOiJIUzI1NiIsInR5cCI6IkpXVCJ9.eyJ1cmwiOiJjYW5hcGUtaW1nL1NhbGFtYW5jYTMvU2FsYW1hbmNhNC53ZWJwIiwiaWF0IjoxNzMyMDQ5NDEzLCJleHAiOjIwNDc0MDk0MTN9.wlbLLjuINqbq681PVe6MM8HX-tyicUT8Ea1BV7qrGfU&t=2024-11-19T20%3A50%3A13.811Z"",""https://pejotrvfcsqfdakpnqil.supabase.co/storage/v1/object/sign/canape-img/Salamanca3/Salamanca5.webp?token=eyJhbGciOiJIUzI1NiIsInR5cCI6IkpXVCJ9.eyJ1cmwiOiJjYW5hcGUtaW1nL1NhbGFtYW5jYTMvU2FsYW1hbmNhNS53ZWJwIiwiaWF0IjoxNzMyMDQ5NDI0LCJleHAiOjIwNDc0MDk0MjR9.PrrUiq5YvCsMp1meoxcoWuX0Mz2ayzIsFdd3NEifnsk&t=2024-11-19T20%3A50%3A24.556Z""]",black,3
25,Salamanca6,"Un canapé modulable au design contemporain, adapté à tous les types d'espace.",799.99,,240 cm,120 cm,85 cm,true,"[""https://pejotrvfcsqfdakpnqil.supabase.co/storage/v1/object/sign/canape-img/Salamanca4/Salamanca3.webp?token=eyJhbGciOiJIUzI1NiIsInR5cCI6IkpXVCJ9.eyJ1cmwiOiJjYW5hcGUtaW1nL1NhbGFtYW5jYTQvU2FsYW1hbmNhMy53ZWJwIiwiaWF0IjoxNzMyMDQ5NDUyLCJleHAiOjIwNDc0MDk0NTJ9.wGf_J3XU2GfZbu2saPK87HiADJ9gvxxhNkqw6KSM_VE&t=2024-11-19T20%3A50%3A53.033Z"",""https://pejotrvfcsqfdakpnqil.supabase.co/storage/v1/object/sign/canape-img/Salamanca4/Salamanca5.webp?token=eyJhbGciOiJIUzI1NiIsInR5cCI6IkpXVCJ9.eyJ1cmwiOiJjYW5hcGUtaW1nL1NhbGFtYW5jYTQvU2FsYW1hbmNhNS53ZWJwIiwiaWF0IjoxNzMyMDQ5NDY0LCJleHAiOjIwNDc0MDk0NjR9.T1vRTfPIKGhfdDFZPa_gB2yP-hSKy5WpM4Y1PhVWb8s&t=2024-11-19T20%3A51%3A04.192Z"",""https://pejotrvfcsqfdakpnqil.supabase.co/storage/v1/object/sign/canape-img/Salamanca4/Salamanca6.webp?token=eyJhbGciOiJIUzI1NiIsInR5cCI6IkpXVCJ9.eyJ1cmwiOiJjYW5hcGUtaW1nL1NhbGFtYW5jYTQvU2FsYW1hbmNhNi53ZWJwIiwiaWF0IjoxNzMyMDQ5NDc1LCJleHAiOjIwNDc0MDk0NzV9.ZbSsHNsJEuJHBJ-VTK1b_Mguur01XivdSf9xKySywEw&t=2024-11-19T20%3A51%3A15.660Z""]",gray,1
26,Taylor,Un canapé suspendu offrant une expérience unique de relaxation.,1299.99,,230 cm,120 cm,95 cm,false,"[""https://pejotrvfcsqfdakpnqil.supabase.co/storage/v1/object/sign/canape-img/Salamanca6/Salamance1.webp?token=eyJhbGciOiJIUzI1NiIsInR5cCI6IkpXVCJ9.eyJ1cmwiOiJjYW5hcGUtaW1nL1NhbGFtYW5jYTYvU2FsYW1hbmNlMS53ZWJwIiwiaWF0IjoxNzMyMDQ5NDg4LCJleHAiOjIwNDc0MDk0ODh9.V2DZjwBZVL17V1gzw12bhOgKD1i5P-zqx4WUhTU5SbU&t=2024-11-19T20%3A51%3A28.668Z"",""https://pejotrvfcsqfdakpnqil.supabase.co/storage/v1/object/sign/canape-img/Salamanca6/Salamnce3.webp?token=eyJhbGciOiJIUzI1NiIsInR5cCI6IkpXVCJ9.eyJ1cmwiOiJjYW5hcGUtaW1nL1NhbGFtYW5jYTYvU2FsYW1uY2UzLndlYnAiLCJpYXQiOjE3MzIwNDk1MTMsImV4cCI6MjA0NzQwOTUxM30.jcRh8RT1_qwpIOnz3ufscLDiDKb3-KMYfOQsvkWPsGo&t=2024-11-19T20%3A51%3A53.239Z"",""https://pejotrvfcsqfdakpnqil.supabase.co/storage/v1/object/sign/canape-img/Salamanca6/Salamnce5.webp?token=eyJhbGciOiJIUzI1NiIsInR5cCI6IkpXVCJ9.eyJ1cmwiOiJjYW5hcGUtaW1nL1NhbGFtYW5jYTYvU2FsYW1uY2U1LndlYnAiLCJpYXQiOjE3MzIwNDk1MjQsImV4cCI6MjA0NzQwOTUyNH0.k5TWW9UvJshmsBa46qb97uFLCVYj4Pt7PPVljppmPug&t=2024-11-19T20%3A52%3A04.711Z""]",gray,3
27,Canapé sans appuie-tête,Un canapé avec des appuie-tête ajustables pour un confort optimal.,799.99,,240 cm,105 cm,90 cm,true,"[""https://pejotrvfcsqfdakpnqil.supabase.co/storage/v1/object/sign/canape-img/Taylor/Taylor2.webp?token=eyJhbGciOiJIUzI1NiIsInR5cCI6IkpXVCJ9.eyJ1cmwiOiJjYW5hcGUtaW1nL1RheWxvci9UYXlsb3IyLndlYnAiLCJpYXQiOjE3MzIwNDk1MzUsImV4cCI6MjA0NzQwOTUzNX0.N1Old2C-0haE-7koEi5ypf6mDW683hoFV3qEDUc3cqA&t=2024-11-19T20%3A52%3A15.054Z"",""https://pejotrvfcsqfdakpnqil.supabase.co/storage/v1/object/sign/canape-img/Taylor/Taylor3.webp?token=eyJhbGciOiJIUzI1NiIsInR5cCI6IkpXVCJ9.eyJ1cmwiOiJjYW5hcGUtaW1nL1RheWxvci9UYXlsb3IzLndlYnAiLCJpYXQiOjE3MzIwNDk1NzYsImV4cCI6MjA0NzQwOTU3Nn0.U_xf-oDIY7-xqG9bQdLhF-8cqlE0Oz059m-Xkza-n8c&t=2024-11-19T20%3A52%3A56.936Z"",""https://pejotrvfcsqfdakpnqil.supabase.co/storage/v1/object/sign/canape-img/Taylor/Taylor.webp?token=eyJhbGciOiJIUzI1NiIsInR5cCI6IkpXVCJ9.eyJ1cmwiOiJjYW5hcGUtaW1nL1RheWxvci9UYXlsb3Iud2VicCIsImlhdCI6MTczMjA0OTU5NiwiZXhwIjoyMDQ3NDA5NTk2fQ.3FUKdONJbJbRU643nVaz4bHBm1BPQAjvjNbER04tYNY&t=2024-11-19T20%3A53%3A16.449Z""]",beige,3
28,Canapé de relaxation,Un canapé conçu pour la relaxation avec une fonction massage et chauffage intégrée.,999.99,,220 cm,100 cm,95 cm,true,"[""https://pejotrvfcsqfdakpnqil.supabase.co/storage/v1/object/sign/canape-img/Modena2/modena1.webp?token=eyJhbGciOiJIUzI1NiIsInR5cCI6IkpXVCJ9.eyJ1cmwiOiJjYW5hcGUtaW1nL01vZGVuYTIvbW9kZW5hMS53ZWJwIiwiaWF0IjoxNzMyMDQ5MDc3LCJleHAiOjIwNDc0MDkwNzd9.W9MRbPFsowRs7ZWLb7iX7FW0Vm9OaFG0v2lpB5wE1jQ&t=2024-11-19T20%3A44%3A37.616Z"",""https://pejotrvfcsqfdakpnqil.supabase.co/storage/v1/object/sign/canape-img/Modena2/modena2.webp?token=eyJhbGciOiJIUzI1NiIsInR5cCI6IkpXVCJ9.eyJ1cmwiOiJjYW5hcGUtaW1nL01vZGVuYTIvbW9kZW5hMi53ZWJwIiwiaWF0IjoxNzMyMDQ5MDk3LCJleHAiOjIwNDc0MDkwOTd9.UQdNiMx0viklZCgwvbgcLgTYkkvxbhcYdJ-ECJbScYI&t=2024-11-19T20%3A44%3A57.807Z"",""https://pejotrvfcsqfdakpnqil.supabase.co/storage/v1/object/sign/canape-img/Modena2/modena3.webp?token=eyJhbGciOiJIUzI1NiIsInR5cCI6IkpXVCJ9.eyJ1cmwiOiJjYW5hcGUtaW1nL01vZGVuYTIvbW9kZW5hMy53ZWJwIiwiaWF0IjoxNzMyMDQ5MTA5LCJleHAiOjIwNDc0MDkxMDl9.Lo04DjCNF_0xxCEmQ0oK0exoNPfX5SN9McQdVt_LI9Q&t=2024-11-19T20%3A45%3A10.081Z""]",gray,3
29,Pouf,Un canapé convertible avec un espace de rangement discret pour plus de commodité.,849.99,,200 cm,95 cm,85 cm,true,"[""https://pejotrvfcsqfdakpnqil.supabase.co/storage/v1/object/sign/canape-img/Bermuda/Bermedu1.webp?token=eyJhbGciOiJIUzI1NiIsInR5cCI6IkpXVCJ9.eyJ1cmwiOiJjYW5hcGUtaW1nL0Jlcm11ZGEvQmVybWVkdTEud2VicCIsImlhdCI6MTczMjA0ODI3NiwiZXhwIjoyMDQ3NDA4Mjc2fQ.YLmQQAcswBePyzoYztDFkDQejdKHIntWPXpDZ7uiYRY&t=2024-11-19T20%3A31%3A16.679Z"",""https://pejotrvfcsqfdakpnqil.supabase.co/storage/v1/object/sign/canape-img/Bermuda/Bermedu2.webp?token=eyJhbGciOiJIUzI1NiIsInR5cCI6IkpXVCJ9.eyJ1cmwiOiJjYW5hcGUtaW1nL0Jlcm11ZGEvQmVybWVkdTIud2VicCIsImlhdCI6MTczMjA0ODI5MSwiZXhwIjoyMDQ3NDA4MjkxfQ.ZYMJXqkVvU6Se4bVef0HQLvhFnjaD8Arbh6uIj6cbV8&t=2024-11-19T20%3A31%3A31.630Z"",""https://pejotrvfcsqfdakpnqil.supabase.co/storage/v1/object/sign/canape-img/Bermuda/Bermedu3.webp?token=eyJhbGciOiJIUzI1NiIsInR5cCI6IkpXVCJ9.eyJ1cmwiOiJjYW5hcGUtaW1nL0Jlcm11ZGEvQmVybWVkdTMud2VicCIsImlhdCI6MTczMjA0ODMwNCwiZXhwIjoyMDQ3NDA4MzA0fQ.xiMr3HBAuVzNv2p7JUadyhNFCik1C6JnLmgR6PXg6DM&t=2024-11-19T20%3A31%3A44.787Z""]",pink,1
30,Canapé simple relax,Un canapé d'angle équipé d'un système relax pour plus de confort.,999.99,,300 cm,150 cm,90 cm,true,"[""https://pejotrvfcsqfdakpnqil.supabase.co/storage/v1/object/sign/canape-img/Bellagio/Bellagio1.webp?token=eyJhbGciOiJIUzI1NiIsInR5cCI6IkpXVCJ9.eyJ1cmwiOiJjYW5hcGUtaW1nL0JlbGxhZ2lvL0JlbGxhZ2lvMS53ZWJwIiwiaWF0IjoxNzMyMDQ3NjkwLCJleHAiOjIwNDc0MDc2OTB9.nGh0iOnC4vNscS3E_-zalSJ3Ley82a_No0Pzn51URD0&t=2024-11-19T20%3A21%3A30.089Z"",""https://pejotrvfcsqfdakpnqil.supabase.co/storage/v1/object/sign/canape-img/Bellagio/bellagio2.webp?token=eyJhbGciOiJIUzI1NiIsInR5cCI6IkpXVCJ9.eyJ1cmwiOiJjYW5hcGUtaW1nL0JlbGxhZ2lvL2JlbGxhZ2lvMi53ZWJwIiwiaWF0IjoxNzMyMDQ3NzE3LCJleHAiOjIwNDc0MDc3MTd9.EwseaCPSSCImf6Pr6yHYfee1TlE63bmhS57P9vP9g_8&t=2024-11-19T20%3A21%3A57.344Z"",""https://pejotrvfcsqfdakpnqil.supabase.co/storage/v1/object/sign/canape-img/Bellagio/bellagio.webp?token=eyJhbGciOiJIUzI1NiIsInR5cCI6IkpXVCJ9.eyJ1cmwiOiJjYW5hcGUtaW1nL0JlbGxhZ2lvL2JlbGxhZ2lvLndlYnAiLCJpYXQiOjE3MzIwNDc3MzgsImV4cCI6MjA0NzQwNzczOH0.Bdn1mDmICFPr3lpAA3iqjIDuP6Nfcy_H3oZLI05FWAs&t=2024-11-19T20%3A22%3A18.077Z""]",yellow,3
31,Canapé modulable luxe,Un canapé modulable haut de gamme qui combine confort et élégance.,1399.99,,250 cm,150 cm,90 cm,false,"[""https://pejotrvfcsqfdakpnqil.supabase.co/storage/v1/object/sign/canape-img/Modena/Modenarose2.webp?token=eyJhbGciOiJIUzI1NiIsInR5cCI6IkpXVCJ9.eyJ1cmwiOiJjYW5hcGUtaW1nL01vZGVuYS9Nb2RlbmFyb3NlMi53ZWJwIiwiaWF0IjoxNzMyMDQ5MDMzLCJleHAiOjIwNDc0MDkwMzN9.Uo6hJzYnXhSBTcfrBjRx7Owo0Aa9RIKhQAU_2WC2dS4&t=2024-11-19T20%3A43%3A53.893Z"",""https://pejotrvfcsqfdakpnqil.supabase.co/storage/v1/object/sign/canape-img/Modena/Modenarose.webp?token=eyJhbGciOiJIUzI1NiIsInR5cCI6IkpXVCJ9.eyJ1cmwiOiJjYW5hcGUtaW1nL01vZGVuYS9Nb2RlbmFyb3NlLndlYnAiLCJpYXQiOjE3MzIwNDkwNDgsImV4cCI6MjA0NzQwOTA0OH0.WAnwbPJibr7sHlueBzD-8nS6CDl6Xd4pzMCvgLG_I0g&t=2024-11-19T20%3A44%3A08.330Z"",""https://pejotrvfcsqfdakpnqil.supabase.co/storage/v1/object/sign/canape-img/Modena/Modena.webp?token=eyJhbGciOiJIUzI1NiIsInR5cCI6IkpXVCJ9.eyJ1cmwiOiJjYW5hcGUtaW1nL01vZGVuYS9Nb2RlbmEud2VicCIsImlhdCI6MTczMjA0OTA2MCwiZXhwIjoyMDQ3NDA5MDYwfQ.KbUp3KjlKBlEYe5ZF1nS7ezxsLCHOCTohzHHFe_gW2o&t=2024-11-19T20%3A44%3A21.028Z""]",pink,3
32,Canapé une place,Un canapé avec un dossier bas pour un look plus moderne et épuré.,599.99,,230 cm,90 cm,80 cm,true,"[""https://pejotrvfcsqfdakpnqil.supabase.co/storage/v1/object/sign/canape-img/Bolza/Bol1.webp?token=eyJhbGciOiJIUzI1NiIsInR5cCI6IkpXVCJ9.eyJ1cmwiOiJjYW5hcGUtaW1nL0JvbHphL0JvbDEud2VicCIsImlhdCI6MTczMjA0ODQwNiwiZXhwIjoyMDQ3NDA4NDA2fQ.VVK4XXWzxv5_g8nSDrfud0I1QkU1y_M1DSGOvrFqqf8&t=2024-11-19T20%3A33%3A26.660Z"",""https://pejotrvfcsqfdakpnqil.supabase.co/storage/v1/object/sign/canape-img/Bolza/Bol2.webp?token=eyJhbGciOiJIUzI1NiIsInR5cCI6IkpXVCJ9.eyJ1cmwiOiJjYW5hcGUtaW1nL0JvbHphL0JvbDIud2VicCIsImlhdCI6MTczMjA0ODQyMCwiZXhwIjoyMDQ3NDA4NDIwfQ.6gF9pkx_rEEuxMExEimzGmItqFFGQZjCTVzNe6pu_So&t=2024-11-19T20%3A33%3A40.726Z""]",gray,1
33,Canapé de style industriel,Un canapé au style industriel avec des matériaux bruts et un design audacieux.,849.99,,240 cm,100 cm,85 cm,true,"[""https://pejotrvfcsqfdakpnqil.supabase.co/storage/v1/object/sign/canape-img/BellagioBleu/bellagioBleau1.webp?token=eyJhbGciOiJIUzI1NiIsInR5cCI6IkpXVCJ9.eyJ1cmwiOiJjYW5hcGUtaW1nL0JlbGxhZ2lvQmxldS9iZWxsYWdpb0JsZWF1MS53ZWJwIiwiaWF0IjoxNzMyMDQ3ODgyLCJleHAiOjIwNDc0MDc4ODJ9.6FGHEIDSPlYzSv_TAyIgEcvphsYCHrZQJ0j4ZIcY5s4&t=2024-11-19T20%3A24%3A42.987Z"",""https://pejotrvfcsqfdakpnqil.supabase.co/storage/v1/object/sign/canape-img/BellagioBleu/bellagioBleau2.webp?token=eyJhbGciOiJIUzI1NiIsInR5cCI6IkpXVCJ9.eyJ1cmwiOiJjYW5hcGUtaW1nL0JlbGxhZ2lvQmxldS9iZWxsYWdpb0JsZWF1Mi53ZWJwIiwiaWF0IjoxNzMyMDQ3OTA5LCJleHAiOjIwNDc0MDc5MDl9.4nNp1aWChsNH0lY-DChwIS2ha2JSri46BWbeYT1mBAk&t=2024-11-19T20%3A25%3A09.756Z"",""https://pejotrvfcsqfdakpnqil.supabase.co/storage/v1/object/sign/canape-img/BellagioBleu/bellagioBleau3.webp?token=eyJhbGciOiJIUzI1NiIsInR5cCI6IkpXVCJ9.eyJ1cmwiOiJjYW5hcGUtaW1nL0JlbGxhZ2lvQmxldS9iZWxsYWdpb0JsZWF1My53ZWJwIiwiaWF0IjoxNzMyMDQ3OTMwLCJleHAiOjIwNDc0MDc5MzB9.Vc_3pDPEs0Bap2GIV6nMbfVZctjabWnhbX1xZ0e2LGQ&t=2024-11-19T20%3A25%3A30.644Z""]",blue,3
34,Canapé multi-usages,"Un canapé multi-usages, parfait pour transformer votre salon en chambre d'amis.",799.99,,210 cm,100 cm,85 cm,true,"[""https://pejotrvfcsqfdakpnqil.supabase.co/storage/v1/object/sign/canape-img/Modena/Modenarose2.webp?token=eyJhbGciOiJIUzI1NiIsInR5cCI6IkpXVCJ9.eyJ1cmwiOiJjYW5hcGUtaW1nL01vZGVuYS9Nb2RlbmFyb3NlMi53ZWJwIiwiaWF0IjoxNzMyMDQ5MDMzLCJleHAiOjIwNDc0MDkwMzN9.Uo6hJzYnXhSBTcfrBjRx7Owo0Aa9RIKhQAU_2WC2dS4&t=2024-11-19T20%3A43%3A53.893Z"",""https://pejotrvfcsqfdakpnqil.supabase.co/storage/v1/object/sign/canape-img/Modena/Modenarose.webp?token=eyJhbGciOiJIUzI1NiIsInR5cCI6IkpXVCJ9.eyJ1cmwiOiJjYW5hcGUtaW1nL01vZGVuYS9Nb2RlbmFyb3NlLndlYnAiLCJpYXQiOjE3MzIwNDkwNDgsImV4cCI6MjA0NzQwOTA0OH0.WAnwbPJibr7sHlueBzD-8nS6CDl6Xd4pzMCvgLG_I0g&t=2024-11-19T20%3A44%3A08.330Z"",""https://pejotrvfcsqfdakpnqil.supabase.co/storage/v1/object/sign/canape-img/Modena/Modena.webp?token=eyJhbGciOiJIUzI1NiIsInR5cCI6IkpXVCJ9.eyJ1cmwiOiJjYW5hcGUtaW1nL01vZGVuYS9Nb2RlbmEud2VicCIsImlhdCI6MTczMjA0OTA2MCwiZXhwIjoyMDQ3NDA5MDYwfQ.KbUp3KjlKBlEYe5ZF1nS7ezxsLCHOCTohzHHFe_gW2o&t=2024-11-19T20%3A44%3A21.028Z""]",pink,3